{"_step":60,"Train Accuracy":0.6010197578075207,"Train Loss":1.0508025861936172,"_wandb":{"runtime":3895},"_timestamp":1.7441007517517452e+09,"Val Accuracy":0.68,"Epoch":30,"Confusion Matrix":{"sha256":"d0482a259498c0bd91c60a444490b44f9718b7dea5b7693ec1d3911dfe3c7fa2","size":32107,"path":"media/images/Confusion Matrix_60_d0482a259498c0bd91c6.png","format":"png","width":1000,"height":800,"_type":"image-file"},"_runtime":3894.941513376,"Val Loss":0.7533974065022035}